<?xml version="1.0" encoding="UTF-8" standalone="yes"?>
<businessObjectModel xmlns="http://documentation.bonitasoft.com/bdm-xml-schema/1.0" modelVersion="1.0">
    <businessObjects>
        <businessObject qualifiedName="com.company.model.AccountData">
            <fields>
                <field type="BOOLEAN" length="255" name="blacklisted" nullable="true" collection="false"/>
                <field type="STRING" length="255" name="phone" nullable="true" collection="false"/>
                <field type="STRING" length="255" name="cccd" nullable="true" collection="false"/>
                <field type="LOCALDATE" length="255" name="dob" nullable="true" collection="false"/>
                <field type="STRING" length="255" name="email" nullable="true" collection="false"/>
                <field type="STRING" length="255" name="hometown" nullable="true" collection="false"/>
                <field type="STRING" length="255" name="logText" nullable="true" collection="false"/>
                <field type="STRING" length="255" name="otp" nullable="true" collection="false"/>
                <field type="STRING" length="255" name="otpVerified" nullable="true" collection="false"/>
                <field type="STRING" length="255" name="status" nullable="true" collection="false"/>
                <field type="STRING" length="255" name="name" nullable="true" collection="false"/>
                <field type="STRING" length="255" name="customerId" nullable="true" collection="false"/>
                <field type="STRING" length="255" name="gender" nullable="true" collection="false"/>
            </fields>
            <uniqueConstraints/>
            <queries/>
            <indexes/>
        </businessObject>
        <businessObject qualifiedName="com.company.model.VacationAvailable">
            <description>The number of vacation days available to the specified employee.</description>
            <fields>
                <field type="LONG" length="255" name="bonitaUserId" nullable="false" collection="false"/>
                <field type="INTEGER" length="255" name="daysAvailableCounter" nullable="false" collection="false"/>
            </fields>
            <uniqueConstraints>
                <uniqueConstraint name="uniqueBonitaUserId">
                    <fieldNames>
                        <fieldName>bonitaUserId</fieldName>
                    </fieldNames>
                </uniqueConstraint>
            </uniqueConstraints>
            <queries/>
            <indexes>
                <index name="INDEX_BONITA_USER_ID">
                    <fieldNames>
                        <fieldName>bonitaUserId</fieldName>
                    </fieldNames>
                </index>
            </indexes>
        </businessObject>
        <businessObject qualifiedName="com.company.model.VacationRequest">
            <description>An employee vacation request.&#13;
Possible status values are: pending, approved, refused, processing cancellation and cancelled.
Note that we store only date (with hours, minutes... information) for start and return dates.
Bonita use Java Long data type to store user and process instance id. Due to JavaScript limitation regarding maximum value of a number this value will be converted to text when being sent and received from end user web browser.</description>
            <fields>
                <field type="LONG" length="255" name="requesterBonitaUserId" nullable="false" collection="false"/>
                <field type="LONG" length="255" name="reviewerBonitaUserId" nullable="true" collection="false"/>
                <field type="LOCALDATE" length="255" name="startDate" nullable="false" collection="false"/>
                <field type="LOCALDATE" length="255" name="returnDate" nullable="false" collection="false"/>
                <field type="INTEGER" length="255" name="numberOfDays" nullable="false" collection="false"/>
                <field type="STRING" length="255" name="status" nullable="false" collection="false"/>
                <field type="STRING" length="255" name="comments" nullable="true" collection="false"/>
                <field type="STRING" length="255" name="calendarEventId" nullable="true" collection="false"/>
                <field type="LONG" length="255" name="newRequestProcessInstanceId" nullable="false" collection="false"/>
            </fields>
            <uniqueConstraints/>
            <queries>
                <query name="findModifiableByBonitaUserId" content="SELECT l &#10;FROM VacationRequest l &#10;WHERE l.requesterBonitaUserId = :requesterBonitaUserId&#10;AND l.startDate &gt; CURRENT_DATE&#10;AND l.status IN('pending')&#10;ORDER BY l.startDate ASC" returnType="java.util.List">
                    <queryParameters>
                        <queryParameter name="requesterBonitaUserId" className="java.lang.Long"/>
                    </queryParameters>
                </query>
                <query name="findCancellableByBonitaUserId" content="SELECT l &#10;FROM VacationRequest l &#10;WHERE l.requesterBonitaUserId = :requesterBonitaUserId&#10;AND l.status IN('pending', 'approved')&#10;ORDER BY l.startDate ASC" returnType="java.util.List">
                    <queryParameters>
                        <queryParameter name="requesterBonitaUserId" className="java.lang.Long"/>
                    </queryParameters>
                </query>
            </queries>
            <indexes>
                <index name="INDEX_1">
                    <fieldNames>
                        <fieldName>requesterBonitaUserId</fieldName>
                    </fieldNames>
                </index>
                <index name="INDEX_2">
                    <fieldNames>
                        <fieldName>status</fieldName>
                        <fieldName>requesterBonitaUserId</fieldName>
                    </fieldNames>
                </index>
                <index name="INDEX_3">
                    <fieldNames>
                        <fieldName>status</fieldName>
                        <fieldName>startDate</fieldName>
                        <fieldName>requesterBonitaUserId</fieldName>
                    </fieldNames>
                </index>
            </indexes>
        </businessObject>
        <businessObject qualifiedName="com.huitcompany.bank.model.BusinessObject">
            <fields>
                <field type="STRING" length="255" name="attribute" nullable="true" collection="false"/>
            </fields>
            <uniqueConstraints/>
            <queries/>
            <indexes/>
        </businessObject>
    </businessObjects>
</businessObjectModel>
